id,mf,yo,we,jd
1,76.46153846,132.6,137,10.58823529
2,62.27272727,102.3333333,114.1176471,7.909090909
3,54.29411765,46.86206897,97.36842105,6.677419355
4,53.57142857,45.15,92.07692308,6.551724138
5,47.77272727,43.5,85.30769231,5.96969697
6,41.66666667,37.14285714,76.84615385,5.689655172
7,40.62820513,35.90909091,64.625,5.592592593
8,39.88571429,33.66666667,55.05263158,5.575
9,37.6,30.43478261,53.71428571,5.5
10,36.56578947,29.5,45.90322581,5.344827586
11,35.27586207,29.40625,44.90140845,5.295454545
12,33.8372093,26.24242424,41.42105263,4.84
13,31.15625,25.78181818,39.79310345,4.802816901
14,29.97058824,25.70731707,37.34,4.64
15,28.56410256,23.89189189,36.89583333,4.425
16,28.12962963,23.81818182,35.8,4.352941176
17,27.48571429,22.96153846,34.45945946,4.303797468
18,27.23333333,22.85294118,34.06060606,4.27027027
19,26.3,22.47727273,33.32608696,4.243243243
20,25.39473684,21.84615385,33.15151515,4.181818182
21,23.60810811,21.59259259,32.81081081,4.166666667
22,23.48979592,21.52272727,32.74712644,4.15942029
23,23.41509434,20.88888889,32.05555556,4.079365079
24,23.40425532,20.48148148,29.11428571,3.867924528
25,22.95384615,19.61111111,28.36363636,3.81443299
26,22.84210526,19.53571429,28.25531915,3.792207792
27,22.55319149,19.22,28.01694915,3.782608696
28,19.14583333,18.98275862,27.45,3.776315789
29,19.13829787,18.91176471,27.27777778,3.732142857
30,19.01428571,18.57692308,27.27027027,3.681818182
31,18.98591549,18.48571429,27.16438356,3.66
32,18.92,18.21212121,26.33962264,3.611111111
33,18.88888889,17.69444444,26,3.535714286
34,18.78688525,17.31707317,25.5443038,3.52
35,17.41139241,17.04347826,24.79545455,3.471698113
36,17.27272727,16.97752809,24.02521008,3.395348837
37,17.17307692,16.9375,23.94776119,3.381818182
38,17.10526316,16.875,23.0952381,3.369863014
39,16.0625,16.66666667,23.03947368,3.341463415
40,15.73611111,16.64179104,22.97916667,3.333333333
41,15.51612903,16.54545455,22.93220339,3.331950207
42,15.47142857,16.5,22.84745763,3.326530612
43,15.46478873,16.43283582,22.34567901,3.307692308
44,15.20289855,16.3902439,22.28333333,3.264367816
45,14.74193548,15.78947368,21.98275862,3.166666667
46,14.71875,15.78431373,20.19230769,3.14084507
47,14.64,15.74285714,20.02040816,3.079365079
48,14.23076923,15.66666667,19.65151515,3.048780488
49,14.15789474,15.3,18.66666667,3.023809524
50,12.92783505,15.225,18.4,2.98630137
51,12.85964912,15.08823529,17.93442623,2.97826087
52,12.82716049,14.72,17.48809524,2.915254237
53,12.82291667,14.36956522,17.38983051,2.878172589
54,12.52592593,14.36363636,17.05681818,2.875
55,12.50617284,14.31034483,16.86885246,2.871794872
56,12.4742268,14.2745098,16.52631579,2.871212121
57,12.45454545,14.27083333,16.29292929,2.847457627
58,12.02469136,14.16,16.04054054,2.822222222
59,11.88172043,14.03448276,15.96610169,2.817073171
60,11.62666667,14.01724138,15.7,2.782608696
61,11.44117647,13.87912088,15.47560976,2.78125
62,11.2406015,13.83760684,15.3125,2.78
63,11.06818182,13.59574468,15.26315789,2.768115942
64,10.77477477,13.57142857,15.13432836,2.75
65,10.73333333,13.34883721,14.66315789,2.75
66,10.5,13.16455696,14.55714286,2.733333333
67,10.44019139,13.05555556,14.42553191,2.727272727
68,10.42528736,12.70454545,14.38095238,2.701754386
69,10.42477876,12.70212766,14.31182796,2.696428571
70,10.16326531,12.67105263,14.25974026,2.69047619
71,10.01010101,12.59322034,14,2.671428571
72,9.878612717,12.51111111,13.93650794,2.662162162
73,9.866666667,12.49411765,13.8989899,2.577464789
74,9.831932773,12.48333333,13.69333333,2.571428571
75,9.804511278,12.46153846,13.61038961,2.566666667
76,9.793939394,12.33018868,13.50833333,2.561403509
77,9.772058824,12.31818182,13.40789474,2.554455446
78,9.556521739,12.2195122,13.40559441,2.542372881
79,9.485380117,12.15789474,13.32061069,2.46875
80,9.412371134,12.09756098,13.22641509,2.465116279
81,9.392857143,11.875,13.16296296,2.458823529
82,9.270967742,11.84507042,13.05952381,2.436619718
83,9.239669421,11.75,12.79452055,2.426229508
84,9.176,11.75,12.79069767,2.424657534
85,9.09009009,11.74545455,12.76033058,2.385964912
86,9.028846154,11.7125,12.75862069,2.384615385
87,8.946428571,11.7,12.65217391,2.371134021
88,8.930693069,11.67857143,12.58666667,2.359375
89,8.826923077,11.51111111,12.5,2.345454545
90,8.818897638,11.45,12.45918367,2.338842975
91,8.744680851,11.24561404,12.16129032,2.324675325
92,8.681818182,11.23913043,12.13291139,2.322580645
93,8.660194175,11.15384615,12.04081633,2.30952381
94,8.5703125,11.09836066,12.00628931,2.262295082
95,8.385185185,11.09090909,11.96907216,2.257575758
96,8.333333333,10.96610169,11.94680851,2.253012048
97,8.318584071,10.95833333,11.89719626,2.248421053
98,8.298076923,10.95522388,11.85585586,2.238636364
99,8.198198198,10.89041096,11.67058824,2.222222222
100,8.170984456,10.66666667,11.49425287,2.222222222
101,8.170103093,10.65909091,11.44347826,2.218390805
102,8.111111111,10.6,11.41975309,2.213675214
103,8.09178744,10.59090909,11.31623932,2.213114754
104,8.025396825,10.58490566,11.22556391,2.211538462
105,8.011627907,10.55384615,11.22522523,2.204081633
106,7.977777778,10.52380952,11.20720721,2.196969697
107,7.95,10.50819672,11.09574468,2.196721311
108,7.939759036,10.47540984,11.06481481,2.192771084
109,7.934640523,10.4375,11.05084746,2.191176471
110,7.933333333,10.40425532,11.03448276,2.164179104
111,7.861878453,10.38461538,10.94642857,2.15942029
112,7.85,10.36893204,10.9,2.157894737
113,7.763888889,10.32051282,10.8427673,2.15
114,7.656050955,10.25,10.68518519,2.13559322
115,7.651006711,10.22222222,10.24242424,2.123287671
116,7.591304348,10.02777778,10.22222222,2.109589041
117,7.533039648,10.01587302,10.16504854,2.106382979
118,7.423611111,9.975903614,10.1011236,2.083333333
119,7.339393939,9.963636364,9.946236559,2.082474227
120,7.330708661,9.895833333,9.905797101,2.070175439
121,7.23880597,9.87804878,9.828025478,2.068965517
122,7.231707317,9.833333333,9.809917355,2.063291139
123,7.158208955,9.651162791,9.788135593,2.0625
124,7.153846154,9.644444444,9.707692308,2.059701493
125,7.143884892,9.6,9.573076923,2.050847458
126,7.081967213,9.584210526,9.572916667,2.046511628
127,7.057377049,9.489361702,9.563106796,2.045454545
128,7.05,9.455882353,9.536363636,2.016393443
129,7.021857923,9.382352941,9.407643312,2.014492754
130,7.014388489,9.363636364,9.398058252,2.010309278
131,7.006097561,9.35443038,9.38317757,2
132,6.973333333,9.255555556,9.292682927,2
133,6.97029703,9.244186047,9.063636364,1.988636364
134,6.967391304,9.233766234,9.058510638,1.980769231
135,6.885885886,9.222222222,8.951612903,1.980582524
136,6.87,9.196078431,8.933774834,1.962264151
137,6.848684211,9.157894737,8.869158879,1.951923077
138,6.833333333,9.068965517,8.846153846,1.946428571
139,6.796875,9.022988506,8.794594595,1.944444444
140,6.748031496,9,8.764150943,1.931506849
141,6.730538922,8.990291262,8.74789916,1.9296875
142,6.707070707,8.98245614,8.734375,1.916666667
143,6.677725118,8.975,8.7,1.916666667
144,6.662420382,8.96835443,8.653225806,1.9
145,6.604229607,8.911111111,8.644736842,1.896103896
146,6.602094241,8.857142857,8.443661972,1.890243902
147,6.600896861,8.825396825,8.373134328,1.885714286
148,6.58041958,8.818181818,8.339449541,1.885416667
149,6.566433566,8.801652893,8.288343558,1.871794872
150,6.558441558,8.8,8.220472441,1.870588235
151,6.548387097,8.734939759,8.185430464,1.864661654
152,6.535031847,8.631578947,8.174603175,1.864583333
153,6.492957746,8.615384615,8.148809524,1.851351351
154,6.478632479,8.56097561,8.05785124,1.845238095
155,6.458064516,8.560606061,8.042735043,1.84
156,6.425675676,8.556962025,8.034246575,1.837837838
157,6.417475728,8.548387097,8.025510204,1.829545455
158,6.344827586,8.539473684,7.887892377,1.829059829
159,6.316129032,8.512820513,7.858974359,1.814285714
160,6.225296443,8.464,7.689655172,1.810606061
161,6.166666667,8.444444444,7.534722222,1.796875
162,6.104972376,8.444444444,7.185185185,1.795
163,6.1,8.431578947,7.155642023,1.787878788
164,6.077380952,8.422222222,7.054455446,1.779816514
165,6.015384615,8.385542169,7.048611111,1.778846154
166,5.944751381,8.384615385,7.012578616,1.766990291
167,5.93495935,8.382716049,6.995412844,1.765432099
168,5.888888889,8.377245509,6.902255639,1.763888889
169,5.825174825,8.282051282,6.900497512,1.76119403
170,5.785714286,8.25974026,6.80141844,1.756756757
171,5.756410256,8.236842105,6.791878173,1.75
172,5.745535714,8.189189189,6.748953975,1.744680851
173,5.733576642,8.183098592,6.74566474,1.741176471
174,5.656716418,8.160493827,6.744680851,1.727272727
175,5.598130841,8.154929577,6.723076923,1.727272727
176,5.585798817,8.133333333,6.714975845,1.720588235
177,5.560846561,8.069306931,6.680851064,1.713043478
178,5.534161491,8.068493151,6.661111111,1.7109375
179,5.482889734,8.06741573,6.656534954,1.704819277
180,5.417582418,8.038961039,6.633136095,1.691823899
181,5.32244898,8.016949153,6.627906977,1.689189189
182,5.25,7.958333333,6.607407407,1.684782609
183,5.25,7.929078014,6.582822086,1.684210526
184,5.176470588,7.926315789,6.513227513,1.682926829
185,5.166666667,7.890909091,6.510948905,1.682352941
186,5.16,7.888888889,6.485074627,1.680555556
187,5.14511041,7.87755102,6.469387755,1.672727273
188,5.124542125,7.864864865,6.466237942,1.666666667
189,5.087804878,7.801526718,6.404958678,1.659090909
190,5.052631579,7.764705882,6.354545455,1.658536585
191,5.042307692,7.75308642,6.351351351,1.65625
192,5.022522523,7.743589744,6.316901408,1.655172414
193,5.015748031,7.7109375,6.311926606,1.649350649
194,5.012048193,7.702970297,6.275700935,1.64893617
195,5.011695906,7.702380952,6.263888889,1.648648649
196,5,7.581395349,6.234939759,1.646706587
197,4.994680851,7.576086957,6.103658537,1.646341463
198,4.989130435,7.546153846,6.102564103,1.641304348
199,4.986046512,7.538461538,5.991869919,1.641025641
200,4.9543379,7.467105263,5.972067039,1.637254902
201,4.939393939,7.383333333,5.960893855,1.632653061
202,4.924914676,7.271604938,5.916666667,1.631147541
203,4.924324324,7.253424658,5.912751678,1.630952381
204,4.91160221,7.233333333,5.87804878,1.62962963
205,4.909952607,7.15942029,5.869158879,1.626666667
206,4.850694444,7.14084507,5.844594595,1.626506024
207,4.848623853,7.045454545,5.835365854,1.623762376
208,4.841530055,7.04,5.755952381,1.622641509
209,4.841530055,7.03960396,5.740196078,1.621212121
210,4.832369942,7.037037037,5.709821429,1.620689655
211,4.811518325,7.03125,5.690909091,1.619047619
212,4.781553398,7.028571429,5.661073826,1.611764706
213,4.778894472,7,5.628865979,1.608108108
214,4.770348837,7,5.567164179,1.607142857
215,4.762295082,7,5.566523605,1.602564103
216,4.760869565,6.979166667,5.542857143,1.602272727
217,4.74893617,6.925531915,5.409090909,1.597826087
218,4.729411765,6.892857143,5.361111111,1.597402597
219,4.679144385,6.891891892,5.27729636,1.594594595
220,4.658959538,6.884615385,5.25,1.594405594
221,4.655172414,6.85,5.220430108,1.591304348
222,4.641304348,6.834645669,5.210300429,1.585365854
223,4.6225,6.82300885,5.206779661,1.58490566
224,4.556097561,6.785714286,5.183206107,1.583333333
225,4.552795031,6.78313253,5.18079096,1.580357143
226,4.547752809,6.778846154,5.180451128,1.578947368
227,4.529411765,6.715686275,5.167664671,1.571428571
228,4.488764045,6.706666667,5.146666667,1.571428571
229,4.485849057,6.666666667,5.079584775,1.568181818
230,4.481632653,6.651785714,5.054216867,1.567901235
231,4.468085106,6.574074074,5.003636364,1.567375887
232,4.455830389,6.55,4.986899563,1.562962963
233,4.455479452,6.533333333,4.962732919,1.56
234,4.452702703,6.5,4.9437751,1.557894737
235,4.433526012,6.41991342,4.93877551,1.555555556
236,4.43083004,6.390977444,4.90376569,1.548076923
237,4.430167598,6.383333333,4.895454545,1.547945205
238,4.419689119,6.346938776,4.890829694,1.545454545
239,4.413793103,6.328767123,4.89,1.537634409
240,4.412371134,6.324324324,4.882075472,1.534090909
241,4.402912621,6.3,4.874449339,1.533333333
242,4.371428571,6.299435028,4.858695652,1.532467532
243,4.357894737,6.289473684,4.828282828,1.53125
244,4.350649351,6.285714286,4.825791855,1.528735632
245,4.320987654,6.279069767,4.811518325,1.527777778
246,4.292035398,6.271604938,4.808080808,1.525423729
247,4.28975265,6.191011236,4.755813953,1.523809524
248,4.285067873,6.139534884,4.755196305,1.523364486
249,4.275,6.137931034,4.747747748,1.520361991
250,4.274285714,6.109375,4.738219895,1.516129032
251,4.27244582,6.081967213,4.721311475,1.513157895
252,4.263157895,6.066037736,4.637254902,1.511627907
253,4.247368421,6.043165468,4.593582888,1.509615385
254,4.21875,6.027027027,4.591160221,1.506849315
255,4.21761658,6.016260163,4.589371981,1.505617978
256,4.194444444,6,4.580985915,1.505154639
257,4.176136364,5.971428571,4.560386473,1.504424779
258,4.170403587,5.965986395,4.493036212,1.504273504
259,4.168421053,5.927710843,4.472103004,1.5
260,4.16091954,5.924731183,4.442567568,1.5
261,4.160535117,5.894736842,4.431906615,1.5
262,4.140221402,5.893203883,4.397810219,1.496240602
263,4.129807692,5.881818182,4.378504673,1.492307692
264,4.115577889,5.878378378,4.366972477,1.490196078
265,4.100478469,5.864197531,4.3625,1.488636364
266,4.091121495,5.837837838,4.346938776,1.488636364
267,4.090909091,5.837209302,4.291044776,1.485294118
268,4.059090909,5.804878049,4.289855072,1.479532164
269,4.025906736,5.762886598,4.28115942,1.477272727
270,4.025641026,5.75,4.260663507,1.473684211
271,4.010135135,5.74025974,4.242424242,1.471544715
272,4.005347594,5.738738739,4.221198157,1.469879518
273,4,5.724137931,4.220512821,1.469879518
274,3.987068966,5.695652174,4.201320132,1.465346535
275,3.985865724,5.690140845,4.175097276,1.465116279
276,3.981900452,5.68452381,4.161290323,1.463576159
277,3.945736434,5.676190476,4.146245059,1.462962963
278,3.927209705,5.666666667,4.130750605,1.460526316
279,3.916666667,5.641025641,4.125,1.456730769
280,3.904977376,5.63190184,4.108280255,1.456521739
281,3.894021739,5.611111111,4.096153846,1.447963801
282,3.892523364,5.590909091,4.092417062,1.44
283,3.89244186,5.566037736,4.090517241,1.4375
284,3.873737374,5.547945205,4.082857143,1.4375
285,3.858823529,5.538461538,4.077464789,1.433070866
286,3.849056604,5.506097561,4.05952381,1.432432432
287,3.827433628,5.5,4.056521739,1.430555556
288,3.816425121,5.5,4.013114754,1.428571429
289,3.802359882,5.491666667,4.010273973,1.421052632
290,3.789029536,5.476190476,4.004975124,1.416666667
291,3.786046512,5.459770115,4.003184713,1.414285714
292,3.785714286,5.445454545,4,1.41322314
293,3.779859485,5.442105263,3.980952381,1.413043478
294,3.775510204,5.418604651,3.939814815,1.409395973
295,3.773234201,5.402439024,3.934497817,1.409090909
296,3.766016713,5.358208955,3.919087137,1.407407407
297,3.755980861,5.35,3.915697674,1.404255319
298,3.75,5.333333333,3.895890411,1.400749064
299,3.743764172,5.320754717,3.861111111,1.397849462
300,3.742138365,5.300884956,3.841628959,1.394904459
301,3.742120344,5.3,3.841201717,1.394736842
302,3.740740741,5.276119403,3.836424958,1.392265193
303,3.735973597,5.270588235,3.830258303,1.390243902
304,3.733532934,5.260162602,3.826797386,1.388888889
305,3.732217573,5.255319149,3.825396825,1.388888889
306,3.732142857,5.221238938,3.816666667,1.382716049
307,3.715686275,5.2,3.781990521,1.38121547
308,3.696035242,5.168421053,3.780701754,1.379562044
309,3.658436214,5.156069364,3.735159817,1.378378378
310,3.650485437,5.140625,3.732718894,1.373390558
311,3.647266314,5.134146341,3.731617647,1.364583333
312,3.645933014,5.131782946,3.726937269,1.363636364
313,3.63681592,5.128,3.720833333,1.363636364
314,3.63622291,5.101190476,3.720430108,1.362831858
315,3.625899281,5.099009901,3.70790378,1.361445783
316,3.625570776,5.081300813,3.705454545,1.361111111
317,3.614457831,5.063157895,3.694148936,1.356321839
318,3.604347826,4.976190476,3.693333333,1.355140187
319,3.603686636,4.947368421,3.6875,1.354545455
320,3.591383812,4.942528736,3.68161435,1.35042735
321,3.589090909,4.942307692,3.657487091,1.35
322,3.570446735,4.940594059,3.63559322,1.349056604
323,3.564356436,4.936170213,3.604060914,1.348314607
324,3.557093426,4.926829268,3.6,1.348214286
325,3.554317549,4.909090909,3.565656566,1.347058824
326,3.532786885,4.87804878,3.563139932,1.345794393
327,3.532019704,4.864197531,3.552560647,1.345323741
328,3.525641026,4.834080717,3.537549407,1.342857143
329,3.525179856,4.823529412,3.534351145,1.340425532
330,3.51396648,4.811688312,3.526785714,1.340425532
331,3.510948905,4.745283019,3.526515152,1.340136054
332,3.502762431,4.723684211,3.502222222,1.338709677
333,3.482837529,4.714285714,3.498327759,1.338129496
334,3.478036176,4.709480122,3.498233216,1.337078652
335,3.452380952,4.706666667,3.468181818,1.333333333
336,3.451612903,4.692307692,3.459770115,1.333333333
337,3.450892857,4.669064748,3.449838188,1.333333333
338,3.440816327,4.647302905,3.444162437,1.333333333
339,3.434042553,4.627906977,3.441767068,1.330708661
340,3.433436533,4.626984127,3.44017094,1.32967033
341,3.412681913,4.623931624,3.436213992,1.328671329
342,3.4125,4.612612613,3.434782609,1.325
343,3.410404624,4.601694915,3.428143713,1.322834646
344,3.386831276,4.597938144,3.41796875,1.32
345,3.384937238,4.595,3.406015038,1.318435754
346,3.382450331,4.59,3.40562249,1.311827957
347,3.379844961,4.582524272,3.402266289,1.311557789
348,3.379061372,4.551724138,3.401847575,1.31
349,3.374501992,4.517241379,3.400722022,1.309734513
350,3.367588933,4.508333333,3.387234043,1.308108108
351,3.363112392,4.488505747,3.378666667,1.307017544
352,3.359447005,4.487804878,3.366935484,1.305555556
353,3.350877193,4.481283422,3.357758621,1.305555556
354,3.349367089,4.477876106,3.346613546,1.305343511
355,3.346733668,4.477777778,3.341085271,1.303797468
356,3.335714286,4.456043956,3.331950207,1.301204819
357,3.3203125,4.452380952,3.296,1.300884956
358,3.301492537,4.450617284,3.280701754,1.3
359,3.279620853,4.434782609,3.267924528,1.299065421
360,3.274336283,4.417391304,3.250847458,1.295238095
361,3.271468144,4.333333333,3.247443763,1.294117647
362,3.260504202,4.325,3.244680851,1.293577982
363,3.256756757,4.316326531,3.23,1.293333333
364,3.256532067,4.284210526,3.228070175,1.29245283
365,3.256,4.280373832,3.187943262,1.292079208
366,3.245231608,4.274193548,3.186234818,1.290909091
367,3.236933798,4.251968504,3.181146026,1.29047619
368,3.235555556,4.232876712,3.169411765,1.288659794
369,3.232352941,4.230088496,3.169291339,1.287234043
370,3.231372549,4.208333333,3.167192429,1.284210526
371,3.222580645,4.2,3.165467626,1.283783784
372,3.216450216,4.183206107,3.156769596,1.283333333
373,3.2,4.134328358,3.15234375,1.281818182
374,3.19047619,4.127659574,3.151291513,1.27826087
375,3.181481481,4.125,3.148148148,1.277777778
376,3.175732218,4.12,3.146496815,1.276595745
377,3.173553719,4.114864865,3.140794224,1.275862069
378,3.169082126,4.103448276,3.139285714,1.274074074
379,3.167701863,4.080952381,3.138211382,1.273684211
380,3.157480315,4.070175439,3.122529644,1.273381295
381,3.155844156,4.059139785,3.12007874,1.272727273
382,3.153846154,4.036363636,3.116935484,1.271317829
383,3.150234742,4,3.111111111,1.270386266
384,3.145658263,3.984,3.108823529,1.269430052
385,3.143203883,3.96713615,3.107784431,1.265957447
386,3.13317757,3.966666667,3.105555556,1.264423077
387,3.133064516,3.945454545,3.098236776,1.2625
388,3.128078818,3.889908257,3.09486166,1.255681818
389,3.124481328,3.881944444,3.093632959,1.251336898
390,3.118764846,3.863636364,3.085642317,1.25
391,3.115942029,3.859649123,3.079136691,1.25
392,3.115606936,3.859649123,3.073076923,1.25
393,3.112903226,3.857692308,3.066420664,1.24852071
394,3.109489051,3.850220264,3.066176471,1.244897959
395,3.107329843,3.841121495,3.061068702,1.244897959
396,3.099547511,3.831578947,3.051671733,1.24137931
397,3.085,3.829545455,3.033707865,1.239583333
398,3.083743842,3.824324324,3.030395137,1.236363636
399,3.077868852,3.822429907,3.007722008,1.236363636
400,3.067307692,3.814814815,3,1.235294118
401,3.060747664,3.777777778,3,1.230769231
402,3.050632911,3.764705882,2.996415771,1.228915663
403,3.041841004,3.739130435,2.993103448,1.228571429
404,3.023728814,3.731132075,2.98,1.223684211
405,3.020408163,3.719745223,2.971014493,1.222222222
406,3.019607843,3.709677419,2.970588235,1.222222222
407,3.017857143,3.691275168,2.970266041,1.221153846
408,3.012084592,3.677777778,2.965909091,1.211382114
409,3.00297619,3.672619048,2.962264151,1.210526316
410,3,3.661538462,2.957207207,1.209459459
411,2.993650794,3.657657658,2.95202952,1.208333333
412,2.981530343,3.628865979,2.943661972,1.20754717
413,2.978723404,3.613793103,2.94140625,1.20661157
414,2.948339483,3.59223301,2.928838951,1.204545455
415,2.947598253,3.576923077,2.927927928,1.202380952
416,2.93258427,3.574712644,2.912751678,1.201183432
417,2.91902834,3.572864322,2.909774436,1.199134199
418,2.918918919,3.535031847,2.897163121,1.198757764
419,2.915331808,3.528089888,2.896995708,1.197674419
420,2.912181303,3.526315789,2.883792049,1.196261682
421,2.907488987,3.507352941,2.864111498,1.195652174
422,2.900552486,3.488958991,2.85,1.19379845
423,2.896946565,3.476190476,2.848571429,1.189655172
424,2.883597884,3.473684211,2.843971631,1.189189189
425,2.880886427,3.466666667,2.833333333,1.189189189
426,2.866156788,3.464788732,2.832116788,1.186666667
427,2.864864865,3.444839858,2.829710145,1.182692308
428,2.86,3.435483871,2.807272727,1.181818182
429,2.859943978,3.418918919,2.797153025,1.180952381
430,2.852830189,3.402298851,2.792387543,1.178571429
431,2.84341637,3.3984375,2.789473684,1.177631579
432,2.842424242,3.340425532,2.78525641,1.171171171
433,2.838983051,3.321428571,2.783333333,1.168067227
434,2.827505828,3.307228916,2.782022472,1.166666667
435,2.825949367,3.260204082,2.778947368,1.165048544
436,2.8170347,3.257425743,2.775280899,1.164383562
437,2.805232558,3.252336449,2.774193548,1.163793103
438,2.8033241,3.25,2.771331058,1.163265306
439,2.799256506,3.241830065,2.76993865,1.163090129
440,2.796610169,3.227272727,2.768025078,1.159574468
441,2.789115646,3.220588235,2.766871166,1.158415842
442,2.786184211,3.210526316,2.756830601,1.157894737
443,2.784394251,3.19047619,2.748427673,1.156626506
444,2.781690141,3.128205128,2.74471831,1.154929577
445,2.774703557,3.124423963,2.743902439,1.153846154
446,2.774327122,3.124183007,2.726937269,1.153846154
447,2.769230769,3.112676056,2.719764012,1.152815013
448,2.767123288,3.109090909,2.719646799,1.152380952
449,2.763274336,3.105504587,2.714583333,1.151260504
450,2.761450382,3.104895105,2.705298013,1.151162791
451,2.754756871,3.097560976,2.702194357,1.151079137
452,2.752840909,3.092592593,2.693379791,1.150442478
453,2.745,3.07804878,2.69330855,1.149253731
454,2.724919094,3.076923077,2.689419795,1.144927536
455,2.708695652,3.07253886,2.68627451,1.144032922
456,2.708571429,3.071428571,2.681967213,1.142857143
457,2.695924765,3.049079755,2.679054054,1.142857143
458,2.693602694,3.037037037,2.675949367,1.136363636
459,2.681564246,3.016806723,2.671469741,1.134328358
460,2.681388013,3.006849315,2.670241287,1.130769231
461,2.66552901,3,2.669491525,1.127906977
462,2.665,2.988593156,2.660929432,1.125
463,2.663120567,2.985915493,2.660377358,1.123595506
464,2.661117717,2.981132075,2.658703072,1.12244898
465,2.656370656,2.975490196,2.648725212,1.121428571
466,2.654867257,2.972972973,2.645435244,1.113924051
467,2.65,2.964788732,2.631578947,1.105263158
468,2.628378378,2.933774834,2.627731092,1.104477612
469,2.625454545,2.919811321,2.626506024,1.103174603
470,2.625,2.919642857,2.624434389,1.103092784
471,2.624338624,2.893719807,2.624137931,1.101010101
472,2.620437956,2.89017341,2.620618557,1.095744681
473,2.59375,2.878787879,2.62,1.095652174
474,2.574074074,2.860606061,2.618343195,1.087378641
475,2.563758389,2.857142857,2.609876543,1.084745763
476,2.561111111,2.855967078,2.598039216,1.08411215
477,2.56,2.854166667,2.572953737,1.082089552
478,2.553113553,2.847457627,2.571788413,1.08
479,2.546448087,2.834951456,2.554006969,1.077464789
480,2.546428571,2.829787234,2.54296875,1.076923077
481,2.53875969,2.828729282,2.535211268,1.076190476
482,2.535433071,2.827272727,2.533687943,1.069767442
483,2.525951557,2.819672131,2.525073746,1.068965517
484,2.525612472,2.815789474,2.518099548,1.067340067
485,2.523178808,2.790816327,2.515942029,1.067307692
486,2.511970534,2.788135593,2.513184584,1.066115702
487,2.504237288,2.780141844,2.513157895,1.063829787
488,2.482857143,2.777173913,2.511945392,1.06185567
489,2.479166667,2.759162304,2.510086455,1.059701493
490,2.474264706,2.740740741,2.490566038,1.056338028
491,2.470472441,2.701492537,2.488054608,1.054347826
492,2.467213115,2.693277311,2.487666034,1.053435115
493,2.461377871,2.658823529,2.485540335,1.053191489
494,2.452873563,2.636904762,2.484790875,1.051546392
495,2.441176471,2.635714286,2.484234234,1.049019608
496,2.439667129,2.572916667,2.4750499,1.040697674
497,2.438305709,2.569892473,2.474193548,1.038961039
498,2.435251799,2.542682927,2.472560976,1.02970297
499,2.433333333,2.527896996,2.471321696,1.028368794
500,2.421364985,2.520231214,2.466887417,1.026548673
501,2.413394919,2.479166667,2.411764706,1.025974026
502,2.411585366,2.47715736,2.406779661,1.024691358
503,2.411255411,2.472906404,2.401691332,1.021276596
504,2.409090909,2.444444444,2.390651085,1.019230769
505,2.396464646,2.440251572,2.378378378,1.017045455
506,2.393617021,2.425925926,2.375,1.015789474
507,2.390243902,2.385245902,2.373205742,1.012195122
508,2.385542169,2.371212121,2.365384615,1.011904762
509,2.383606557,2.367647059,2.36440678,1.010638298
510,2.376205788,2.351351351,2.328530259,1.01
511,2.370572207,2.345238095,2.31504065,1.00990099
512,2.370460048,2.34375,2.312080537,1.009615385
513,2.369863014,2.333333333,2.302564103,1.009615385
514,2.365422397,2.325714286,2.292649098,1.007692308
515,2.359259259,2.29245283,2.286472149,1.007194245
516,2.336448598,2.271929825,2.282282282,1.006451613
517,2.336283186,2.27027027,2.274793388,1
518,2.332361516,2.263473054,2.274666667,1
519,2.330097087,2.261627907,2.267515924,1
520,2.314861461,2.25862069,2.264516129,1
521,2.312101911,2.242424242,2.253246753,1
522,2.309090909,2.203791469,2.253012048,0.991666667
523,2.306569343,2.203252033,2.245398773,0.988888889
524,2.302405498,2.202702703,2.234251969,0.985915493
525,2.302325581,2.197044335,2.224056604,0.984251969
526,2.297921478,2.192,2.223214286,0.98245614
527,2.287356322,2.180412371,2.215189873,0.980952381
528,2.28125,2.144578313,2.203761755,0.979381443
529,2.274566474,2.136363636,2.202247191,0.97826087
530,2.268656716,2.128440367,2.2,0.977011494
531,2.263888889,2.111111111,2.193370166,0.969465649
532,2.263157895,2.108108108,2.184210526,0.966666667
533,2.258490566,2.107142857,2.1829653,0.961904762
534,2.240534521,2.077844311,2.182417582,0.95
535,2.227118644,2.077348066,2.171339564,0.948717949
536,2.226765799,2.075892857,2.169072165,0.940397351
537,2.222591362,2.072413793,2.167431193,0.938650307
538,2.193732194,2.071553229,2.164556962,0.933823529
539,2.187692308,2.0625,2.156334232,0.931972789
540,2.175438596,2.056179775,2.154989384,0.931677019
541,2.173584906,2.049180328,2.152647975,0.926829268
542,2.169902913,2.037558685,2.146875,0.920289855
543,2.162162162,2.026666667,2.140724947,0.914728682
544,2.161953728,2.019607843,2.138888889,0.914728682
545,2.160606061,2,2.135384615,0.913385827
546,2.160130719,2,2.131054131,0.91
547,2.155405405,1.976744186,2.103019538,0.907563025
548,2.155210643,1.976377953,2.090634441,0.905172414
549,2.138586957,1.975728155,2.086859688,0.902597403
550,2.135359116,1.967611336,2.083333333,0.901098901
551,2.134680135,1.966019417,2.065853659,0.9
552,2.129224652,1.962765957,2.06362379,0.898550725
553,2.120915033,1.955613577,2.046391753,0.898089172
554,2.117816092,1.938983051,2.028571429,0.894366197
555,2.099009901,1.936936937,2.003225806,0.89380531
556,2.091397849,1.930362117,2,0.891304348
557,2.088105727,1.922651934,1.995215311,0.89
558,2.083682008,1.921052632,1.990944373,0.885
559,2.081272085,1.917391304,1.99078341,0.884210526
560,2.076677316,1.891891892,1.973372781,0.882681564
561,2.072463768,1.886363636,1.968831169,0.881944444
562,2.070175439,1.876847291,1.963882619,0.871794872
563,2.064788732,1.870967742,1.95,0.871165644
564,2.05988024,1.869230769,1.932291667,0.868421053
565,2.056053812,1.867647059,1.905631659,0.861111111
566,2.052469136,1.865384615,1.900530504,0.857142857
567,2.045317221,1.858823529,1.892030848,0.857142857
568,2.043137255,1.857142857,1.882474227,0.85483871
569,2.038560411,1.841336117,1.881266491,0.840336134
570,2.036649215,1.835227273,1.873563218,0.837988827
571,2.036253776,1.822147651,1.869918699,0.836734694
572,2.029239766,1.821428571,1.848901099,0.835820896
573,2.025728988,1.820754717,1.84180791,0.831578947
574,2.010830325,1.817589577,1.79297597,0.828358209
575,2.010752688,1.8125,1.765199161,0.828125
576,2.005312085,1.79245283,1.759954494,0.82300885
577,2,1.786885246,1.756727664,0.821052632
578,1.989959839,1.76984127,1.755357143,0.819047619
579,1.966903073,1.76,1.732919255,0.818181818
580,1.95620438,1.746192893,1.715365239,0.815533981
581,1.950413223,1.743902439,1.706329114,0.803680982
582,1.919008264,1.715231788,1.70471464,0.803571429
583,1.913934426,1.704845815,1.688654354,0.8
584,1.895662368,1.700421941,1.67826087,0.8
585,1.88974359,1.691056911,1.675324675,0.791666667
586,1.885993485,1.673076923,1.674887892,0.789473684
587,1.873563218,1.668421053,1.674085851,0.783625731
588,1.851272016,1.639097744,1.660322108,0.78021978
589,1.836065574,1.631578947,1.65952381,0.779005525
590,1.834448161,1.62195122,1.658932715,0.770491803
591,1.827213823,1.605555556,1.644067797,0.745614035
592,1.822751323,1.588744589,1.636215334,0.73943662
593,1.820588235,1.582159624,1.615942029,0.737704918
594,1.816753927,1.578947368,1.614058355,0.728813559
595,1.811320755,1.574585635,1.612068966,0.722222222
596,1.8,1.541935484,1.603092784,0.72173913
597,1.79759519,1.518518519,1.603064067,0.721238938
598,1.796296296,1.511705686,1.588597843,0.708333333
599,1.792988314,1.510204082,1.558139535,0.707446809
600,1.788785047,1.50660793,1.550561798,0.698529412
601,1.764423077,1.497536946,1.548821549,0.6875
602,1.75059952,1.47761194,1.547309833,0.668478261
603,1.74912075,1.468879668,1.536398467,0.610687023
604,1.746498599,1.462765957,1.525974026,0.590551181
605,1.721518987,1.456273764,1.514362657,0.583333333
606,1.706329114,1.435582822,1.513100437,0.548387097
607,1.694599628,1.397727273,1.501814412,0.456692913
608,1.694139194,1.383116883,1.477894737,0.450331126
609,1.693661972,1.340314136,1.476340694,0.387387387
610,1.637554585,1.335365854,1.463320463,0.286956522
611,1.618081181,1.333333333,1.458158996,0.266666667
612,1.601744186,1.325153374,1.427027027,
613,1.599056604,1.315186246,1.417664671,
614,1.596797671,1.303448276,1.396011396,
615,1.572504708,1.281938326,1.389400922,
616,1.568669528,1.275720165,1.379256966,
617,1.550607287,1.256916996,1.366300366,
618,1.542669584,1.256410256,1.346036585,
619,1.516358464,1.254545455,1.338912134,
620,1.512643678,1.230215827,1.323420074,
621,1.50872818,1.210526316,1.318681319,
622,1.503556188,1.204275534,1.299929677,
623,1.496099844,1.180555556,1.296251511,
624,1.468085106,1.13125,1.291666667,
625,1.467980296,1.111111111,1.287937743,
626,1.451178451,1.097297297,1.277089783,
627,1.446808511,1.096938776,1.26200565,
628,1.446700508,1.087272727,1.251083815,
629,1.415966387,1.066666667,1.247246022,
630,1.404191617,1.025735294,1.217054264,
631,1.380859375,1.011494253,1.206500956,
632,1.377574371,0.953846154,1.197601304,
633,1.35483871,0.940414508,1.162916292,
634,1.315789474,0.924092409,1.153193613,
635,1.314917127,0.918918919,1.144329897,
636,1.3003003,0.796934866,1.121681416,
637,1.258928571,0.70212766,1.101075269,
638,1.034300792,0.676190476,1.073863636,
639,0.980769231,0.675062972,1.037166086,
640,0.819070905,0.585106383,0.921568627,
641,0.804670913,0.306306306,0.172901921,